"time_year","AUC"
1,0.643568768561894
3,0.628258033143978
5,0.606209123136846
